{
  "Get Info User" : {
    "transaction" : "Get Info User",
    "sampleCount" : 2788,
    "errorCount" : 0,
    "errorPct" : 0.0,
    "meanResTime" : 118.95301291248212,
    "medianResTime" : 119.0,
    "minResTime" : 113.0,
    "maxResTime" : 1470.0,
    "pct1ResTime" : 121.0,
    "pct2ResTime" : 122.0,
    "pct3ResTime" : 125.11000000000013,
    "throughput" : 6.415891528169629,
    "receivedKBytesPerSec" : 3.289397512001031,
    "sentKBytesPerSec" : 1.0714037610517644
  },
  "Login User" : {
    "transaction" : "Login User",
    "sampleCount" : 2788,
    "errorCount" : 0,
    "errorPct" : 0.0,
    "meanResTime" : 200.63091822094736,
    "medianResTime" : 119.0,
    "minResTime" : 113.0,
    "maxResTime" : 67508.0,
    "pct1ResTime" : 122.0,
    "pct2ResTime" : 123.0,
    "pct3ResTime" : 1490.3300000000004,
    "throughput" : 6.4157291218413235,
    "receivedKBytesPerSec" : 3.0199037468042165,
    "sentKBytesPerSec" : 1.3031949778740188
  },
  "Total" : {
    "transaction" : "Total",
    "sampleCount" : 8393,
    "errorCount" : 1,
    "errorPct" : 0.011914691,
    "meanResTime" : 1154.1882521148605,
    "medianResTime" : 121.0,
    "minResTime" : 113.0,
    "maxResTime" : 150004.0,
    "pct1ResTime" : 1478.0,
    "pct2ResTime" : 2491.0,
    "pct3ResTime" : 11493.119999999999,
    "throughput" : 19.116056074979216,
    "receivedKBytesPerSec" : 8.64332824902347,
    "sentKBytesPerSec" : 4.899469813007482
  },
  "Register User" : {
    "transaction" : "Register User",
    "sampleCount" : 2817,
    "errorCount" : 1,
    "errorPct" : 0.035498757,
    "meanResTime" : 3122.506922257723,
    "medianResTime" : 490.0,
    "minResTime" : 459.0,
    "maxResTime" : 150004.0,
    "pct1ResTime" : 3490.0,
    "pct2ResTime" : 5478.1,
    "pct3ResTime" : 77496.84,
    "throughput" : 6.416052658550751,
    "receivedKBytesPerSec" : 2.3987464910432634,
    "sentKBytesPerSec" : 2.5492250401430345
  }
}